epoch,time,train/box_loss,train/pose_loss,train/kobj_loss,train/cls_loss,train/dfl_loss,metrics/precision(B),metrics/recall(B),metrics/mAP50(B),metrics/mAP50-95(B),metrics/precision(P),metrics/recall(P),metrics/mAP50(P),metrics/mAP50-95(P),val/box_loss,val/pose_loss,val/kobj_loss,val/cls_loss,val/dfl_loss,lr/pg0,lr/pg1,lr/pg2
1,23.3241,1.98349,1.50236,0.71912,4.70143,1.64639,0.39009,0.11701,0.15045,0.08353,0.36101,0.07143,0.11636,0.04805,1.98519,1.27594,0.68493,4.65878,1.62766,0.00021816,0.00021816,0.00021816
2,45.6434,1.49595,1.1811,0.69236,3.60901,1.34143,0.28296,0.43636,0.38585,0.28108,0.12636,0.32319,0.20493,0.07618,1.12107,1.24944,0.66528,2.85351,1.08916,0.000441735,0.000441735,0.000441735
3,68.223,1.14102,1.16304,0.62424,2.87963,1.14138,0.3965,0.64095,0.39805,0.31474,0.27412,0.37489,0.19009,0.06876,0.94228,1.16446,0.58565,3.26607,1.00753,0.000661561,0.000661561,0.000661561
4,90.9729,1.15131,1.10364,0.6033,2.81087,1.13451,0.57085,0.57244,0.52836,0.43033,0.23935,0.375,0.16264,0.05986,0.7251,1.15547,0.53817,2.49878,0.9323,0.000877637,0.000877637,0.000877637
5,114.203,1.06297,1.06902,0.57374,2.41892,1.09226,0.31688,0.70254,0.501,0.40693,0.13566,0.41178,0.20528,0.08669,0.84875,1.08472,0.50447,2.7778,0.99801,0.000879003,0.000879003,0.000879003
6,138.364,1.03625,1.13647,0.58612,2.48192,1.09067,0.37642,0.75201,0.49373,0.39742,0.12965,0.42376,0.15841,0.06623,0.78495,1.00206,0.45711,2.53778,0.97891,0.000871504,0.000871504,0.000871504
7,162.262,0.99457,0.92317,0.53241,2.23236,1.06798,0.42238,0.89505,0.54522,0.40652,0.16149,0.51476,0.20377,0.09456,0.92349,0.8969,0.42102,2.22725,1.07911,0.000864004,0.000864004,0.000864004
8,184.868,1.0444,0.96576,0.52318,2.17806,1.0941,0.3919,0.72912,0.56218,0.46546,0.12213,0.33146,0.16097,0.11465,0.70324,0.87844,0.40244,2.05235,0.94916,0.000856505,0.000856505,0.000856505
9,209.044,1.01949,0.65574,0.49954,2.0642,1.0834,0.37056,0.73214,0.57366,0.47503,0.1479,0.49238,0.22801,0.15473,0.68342,0.64108,0.38671,2.05826,0.92652,0.000849006,0.000849006,0.000849006
10,231.837,0.93531,0.61693,0.49401,1.92184,1.02488,0.39041,0.93052,0.53963,0.43116,0.12687,0.51786,0.22671,0.16355,0.7883,0.55493,0.38034,1.95984,0.95299,0.000841507,0.000841507,0.000841507
11,255.716,0.92023,0.48199,0.46787,1.88933,1.01527,0.39389,0.87542,0.52102,0.41851,0.10894,0.375,0.14409,0.08152,0.7737,0.7285,0.37857,1.80316,0.95069,0.000834007,0.000834007,0.000834007
12,279.266,0.92435,0.41953,0.46323,1.82279,1.00506,0.42001,0.85851,0.5687,0.49613,0.15773,0.44643,0.18838,0.16915,0.61341,0.23529,0.35046,1.64134,0.90569,0.000826508,0.000826508,0.000826508
13,302.196,0.91479,0.4511,0.43882,1.79952,0.98201,0.37845,0.875,0.57904,0.48948,0.13292,0.55357,0.17407,0.12712,0.64125,0.53761,0.25453,1.62067,0.9057,0.000819009,0.000819009,0.000819009
14,326.687,0.91223,0.32808,0.42189,1.72871,1.00378,0.42742,0.85714,0.60307,0.51398,0.14551,0.44643,0.20088,0.17851,0.63394,0.25111,0.23277,1.43129,0.89812,0.00081151,0.00081151,0.00081151
15,349.013,0.92654,0.34699,0.39881,1.68355,1.00877,0.45139,0.89499,0.59639,0.5173,0.15496,0.5,0.20535,0.18157,0.60671,0.20883,0.19932,1.42498,0.8946,0.00080401,0.00080401,0.00080401
16,373.194,0.88444,0.33571,0.36576,1.58953,1.01234,0.4282,0.875,0.59751,0.51015,0.15753,0.44643,0.22052,0.21186,0.61077,0.14653,0.18449,1.38966,0.89251,0.000796511,0.000796511,0.000796511
17,396.459,0.88491,0.29349,0.32984,1.51072,1.00206,0.4439,0.84025,0.66925,0.57164,0.13883,0.5,0.26765,0.25829,0.60434,0.12703,0.16232,1.38742,0.90531,0.000789012,0.000789012,0.000789012
18,421.01,0.76421,0.25922,0.3162,1.4718,0.94815,0.39442,0.95123,0.61282,0.51775,0.14014,0.53571,0.21518,0.21184,0.60472,0.09404,0.15181,1.32249,0.88146,0.000781513,0.000781513,0.000781513
19,444.075,0.83249,0.26522,0.29546,1.54507,0.97579,0.42651,0.92857,0.62526,0.52446,0.15842,0.57143,0.2179,0.21296,0.65479,0.09133,0.11763,1.31768,0.91492,0.000774013,0.000774013,0.000774013
20,467.96,0.8163,0.26202,0.26649,1.45293,0.98314,0.43898,0.8006,0.64138,0.55564,0.14456,0.53571,0.22584,0.21976,0.58045,0.09549,0.1265,1.30989,0.88587,0.000766514,0.000766514,0.000766514
21,491.288,0.79531,0.1904,0.29432,1.43427,0.99127,0.43733,0.89052,0.65211,0.55762,0.14376,0.51786,0.24071,0.235,0.55257,0.08708,0.09714,1.22605,0.87144,0.000759015,0.000759015,0.000759015
22,514.531,0.83274,0.2336,0.26748,1.41875,0.99459,0.50757,0.81395,0.649,0.54426,0.15253,0.36796,0.226,0.22504,0.59122,0.07791,0.09182,1.27789,0.88231,0.000751516,0.000751516,0.000751516
23,539.083,0.81692,0.22056,0.25496,1.35608,0.97877,0.5463,0.64006,0.65217,0.54927,0.14741,0.51041,0.22574,0.22489,0.58409,0.07624,0.08435,1.17351,0.87773,0.000744016,0.000744016,0.000744016
24,561.74,0.72874,0.20442,0.2443,1.29637,0.9337,0.55394,0.76786,0.672,0.57593,0.20795,0.3398,0.25257,0.25069,0.61281,0.06308,0.08031,1.15907,0.87412,0.000736517,0.000736517,0.000736517
25,584.818,0.78093,0.20383,0.29688,1.32746,0.95824,0.54437,0.79172,0.6773,0.58842,0.22894,0.44466,0.26928,0.26692,0.55515,0.06866,0.07627,1.11919,0.87166,0.000729018,0.000729018,0.000729018
26,607.657,0.79686,0.20313,0.21951,1.26692,0.97555,0.4946,0.875,0.70347,0.60116,0.18073,0.47171,0.28047,0.27856,0.57484,0.06842,0.07026,1.05879,0.87496,0.000721519,0.000721519,0.000721519
27,631.106,0.71951,0.20488,0.26316,1.2358,0.94465,0.47431,0.86946,0.69718,0.58726,0.17726,0.45963,0.27075,0.2689,0.57991,0.07372,0.05045,1.1263,0.8751,0.000714019,0.000714019,0.000714019
28,653.481,0.74971,0.1608,0.22194,1.17708,0.97736,0.59957,0.78571,0.69101,0.61264,0.24357,0.39013,0.27262,0.27262,0.52826,0.05733,0.05313,1.05769,0.85744,0.00070652,0.00070652,0.00070652
29,676.599,0.73187,0.18626,0.23415,1.18037,0.95221,0.6876,0.625,0.71186,0.63036,0.19607,0.44643,0.28734,0.28689,0.57561,0.07587,0.05217,1.10158,0.86158,0.000699021,0.000699021,0.000699021
30,699.645,0.75054,0.17032,0.22168,1.18126,0.94878,0.60053,0.78571,0.69033,0.60318,0.21774,0.46847,0.2639,0.26059,0.55982,0.07354,0.05337,1.07272,0.86962,0.000691522,0.000691522,0.000691522
31,723.242,0.73947,0.24543,0.2586,1.20831,0.94666,0.66532,0.79353,0.7424,0.65016,0.26659,0.36657,0.31597,0.31597,0.50354,0.07372,0.06438,1.0219,0.85116,0.000684022,0.000684022,0.000684022
32,745.899,0.70704,0.18195,0.21794,1.16035,0.94186,0.60718,0.75,0.71622,0.60013,0.21641,0.48489,0.28979,0.26888,0.63039,0.09167,0.06597,1.00605,0.89683,0.000676523,0.000676523,0.000676523
33,769.118,0.80153,0.19462,0.22618,1.24085,0.96312,0.62857,0.86131,0.73105,0.64,0.26377,0.46442,0.30463,0.30463,0.51554,0.0605,0.05537,0.91745,0.85399,0.000669024,0.000669024,0.000669024
34,791.379,0.7047,0.15293,0.19204,1.11963,0.93821,0.64895,0.91334,0.72269,0.64461,0.25966,0.48477,0.29626,0.29519,0.49546,0.06356,0.03928,0.89931,0.84709,0.000661525,0.000661525,0.000661525
35,814.201,0.76469,0.18726,0.23064,1.11652,0.95504,0.61285,0.87208,0.68389,0.60394,0.22838,0.44643,0.25746,0.25746,0.53604,0.04806,0.03603,0.91164,0.8573,0.000654025,0.000654025,0.000654025
36,835.816,0.6595,0.14998,0.20309,1.00016,0.91165,0.65576,0.78643,0.76614,0.68037,0.27,0.49864,0.33971,0.33971,0.50372,0.05902,0.05405,0.92441,0.84248,0.000646526,0.000646526,0.000646526
37,858.866,0.71408,0.14995,0.21458,1.11131,0.92783,0.65733,0.79724,0.77898,0.64151,0.23521,0.5,0.35255,0.35255,0.70368,0.04774,0.04979,0.94004,0.89143,0.000639027,0.000639027,0.000639027
38,880.761,0.75981,0.14269,0.1988,1.12419,0.94883,0.61024,0.91071,0.7298,0.64802,0.23917,0.55836,0.30337,0.30337,0.46437,0.04433,0.04553,0.91649,0.84072,0.000631528,0.000631528,0.000631528
39,904.18,0.68499,0.14436,0.19407,1.03182,0.93152,0.62863,0.96429,0.73786,0.6298,0.2287,0.55796,0.31143,0.31143,0.59724,0.04687,0.03676,0.91901,0.86931,0.000624028,0.000624028,0.000624028
40,927.042,0.65343,0.13387,0.19695,1.08313,0.93559,0.6055,0.9344,0.72692,0.66158,0.23244,0.54996,0.30049,0.28554,0.43999,0.06031,0.03843,0.86394,0.83202,0.000616529,0.000616529,0.000616529
41,948.852,0.62399,0.12337,0.18583,1.00794,0.89099,0.63546,0.97528,0.73174,0.66104,0.25951,0.55357,0.30531,0.30531,0.47894,0.0359,0.02976,0.91549,0.83828,0.00060903,0.00060903,0.00060903
42,971.834,0.67337,0.10106,0.1743,0.99474,0.93948,0.63986,0.96429,0.72186,0.64242,0.26426,0.53571,0.29543,0.29543,0.45485,0.0414,0.02824,0.89282,0.83433,0.000601531,0.000601531,0.000601531
43,993.131,0.62843,0.11804,0.20522,1.00778,0.92133,0.66124,0.96247,0.74154,0.66263,0.26963,0.53569,0.31511,0.31511,0.46676,0.03617,0.03332,0.86629,0.83911,0.000594031,0.000594031,0.000594031
44,1015.67,0.64849,0.12619,0.20273,1.02367,0.90974,0.63226,0.97297,0.73335,0.64788,0.27037,0.55648,0.30693,0.30693,0.51053,0.03372,0.03713,0.902,0.84898,0.000586532,0.000586532,0.000586532
45,1037.45,0.67433,0.13972,0.22098,1.01867,0.91201,0.64305,0.96429,0.74343,0.64688,0.26858,0.53571,0.317,0.317,0.50062,0.03652,0.0361,0.88305,0.84331,0.000579033,0.000579033,0.000579033
46,1059.64,0.63003,0.12349,0.199,1.01804,0.91421,0.65894,0.97946,0.73529,0.65077,0.26986,0.5525,0.30886,0.30886,0.49431,0.03917,0.03292,0.82009,0.83723,0.000571534,0.000571534,0.000571534
47,1081.19,0.6064,0.10678,0.21453,0.95608,0.91358,0.6676,0.99537,0.73711,0.64296,0.27567,0.56746,0.31068,0.31068,0.56751,0.04344,0.04218,0.79543,0.85318,0.000564034,0.000564034,0.000564034
48,1103.62,0.68298,0.09397,0.19551,1.0092,0.92463,0.65554,0.99636,0.75894,0.67101,0.28251,0.56833,0.33251,0.33251,0.51747,0.03956,0.04858,0.79529,0.84346,0.000556535,0.000556535,0.000556535
49,1125.38,0.59805,0.13974,0.22664,0.927,0.90463,0.63009,0.98439,0.77302,0.70084,0.26167,0.57143,0.34659,0.34659,0.45343,0.0425,0.03559,0.83821,0.83753,0.000549036,0.000549036,0.000549036
50,1147.56,0.62395,0.1229,0.15735,0.95434,0.90096,0.64986,0.99892,0.73435,0.65984,0.26184,0.57143,0.30792,0.30792,0.44631,0.03597,0.03367,0.8432,0.83691,0.000541537,0.000541537,0.000541537
51,1170.19,0.62138,0.10187,0.16305,0.91397,0.89696,0.6554,0.96429,0.75087,0.68152,0.26604,0.57143,0.32445,0.32445,0.46429,0.03724,0.02946,0.7902,0.84113,0.000534037,0.000534037,0.000534037
52,1192.86,0.59527,0.11067,0.15635,0.89948,0.89385,0.65591,1,0.76207,0.69925,0.2647,0.57143,0.33564,0.33564,0.41083,0.03343,0.02395,0.74983,0.82981,0.000526538,0.000526538,0.000526538
53,1214.98,0.63604,0.10967,0.2178,0.98676,0.92713,0.65638,1,0.77077,0.69893,0.26863,0.57143,0.34434,0.34434,0.45921,0.03492,0.02765,0.7471,0.83322,0.000519039,0.000519039,0.000519039
54,1236.89,0.61272,0.10096,0.19697,0.93111,0.91417,0.65541,0.99231,0.76269,0.69871,0.26924,0.56905,0.33627,0.33627,0.40832,0.0275,0.02866,0.73397,0.82162,0.00051154,0.00051154,0.00051154
55,1258.81,0.59996,0.09249,0.1472,0.8941,0.91708,0.65359,0.99927,0.74727,0.69099,0.26756,0.57143,0.32084,0.32084,0.39921,0.02763,0.02403,0.71649,0.81487,0.00050404,0.00050404,0.00050404
56,1280.84,0.5867,0.09002,0.16524,0.90278,0.89774,0.65025,1,0.75216,0.67318,0.2675,0.57143,0.32573,0.32573,0.48656,0.03283,0.02181,0.74495,0.82784,0.000496541,0.000496541,0.000496541
57,1302.17,0.63169,0.08577,0.19243,0.92361,0.9022,0.64976,0.96429,0.76144,0.68022,0.26518,0.54418,0.33501,0.33329,0.45704,0.03366,0.02506,0.76005,0.82642,0.000489042,0.000489042,0.000489042
58,1324.02,0.57576,0.07796,0.18254,0.92741,0.8913,0.65519,1,0.75928,0.68164,0.26685,0.57143,0.33285,0.33285,0.44584,0.035,0.02553,0.78125,0.82509,0.000481543,0.000481543,0.000481543
59,1345.65,0.59303,0.08196,0.17323,0.91408,0.89187,0.64838,0.99402,0.73826,0.67869,0.26406,0.57143,0.31183,0.31183,0.42962,0.02702,0.02594,0.77366,0.82145,0.000474043,0.000474043,0.000474043
60,1367.75,0.54783,0.08621,0.16249,0.83176,0.87615,0.65799,0.94643,0.74768,0.67975,0.26832,0.51786,0.32125,0.32125,0.42581,0.02498,0.02323,0.77331,0.82225,0.000466544,0.000466544,0.000466544
61,1389.64,0.58419,0.11535,0.17733,0.95464,0.89472,0.66949,0.98214,0.76597,0.6944,0.28065,0.55357,0.33954,0.33954,0.44583,0.03025,0.01717,0.76227,0.82666,0.000459045,0.000459045,0.000459045
62,1411.79,0.56091,0.08078,0.18207,0.88444,0.89981,0.66987,0.98214,0.77144,0.69735,0.27384,0.55357,0.34501,0.34501,0.45516,0.02817,0.01944,0.73343,0.82888,0.000451546,0.000451546,0.000451546
63,1433.56,0.56719,0.12613,0.18514,0.94478,0.88144,0.66034,0.98214,0.7553,0.68099,0.26995,0.55357,0.32887,0.32887,0.44978,0.0245,0.02255,0.73577,0.82564,0.000444046,0.000444046,0.000444046
64,1457.55,0.5408,0.06972,0.13305,0.86161,0.87261,0.66562,0.96875,0.76318,0.71672,0.27432,0.55357,0.33675,0.33675,0.38536,0.02652,0.01868,0.71156,0.80828,0.000436547,0.000436547,0.000436547
65,1483.25,0.54012,0.08788,0.15402,0.82565,0.87185,0.66409,0.98214,0.76753,0.68725,0.27318,0.55357,0.3411,0.3411,0.47046,0.02479,0.02059,0.72041,0.82939,0.000429048,0.000429048,0.000429048
66,1504.93,0.54165,0.07585,0.11612,0.81434,0.88383,0.65898,1,0.76695,0.70455,0.26936,0.57143,0.34052,0.34052,0.38824,0.03423,0.02569,0.69675,0.81318,0.000421549,0.000421549,0.000421549
67,1527.49,0.59177,0.10338,0.13573,0.89982,0.89686,0.68496,0.99033,0.77853,0.69595,0.29123,0.56746,0.3521,0.3521,0.45527,0.02657,0.02078,0.69657,0.82567,0.000414049,0.000414049,0.000414049
68,1549.08,0.56193,0.10033,0.17013,0.84654,0.88503,0.67588,0.98793,0.75742,0.70264,0.28397,0.56133,0.33099,0.33099,0.38924,0.02512,0.02296,0.6712,0.81581,0.00040655,0.00040655,0.00040655
69,1571.2,0.5329,0.08812,0.15824,0.82448,0.88616,0.66428,0.98214,0.76577,0.68947,0.27444,0.55357,0.33935,0.33935,0.44729,0.01873,0.0256,0.68571,0.82655,0.000399051,0.000399051,0.000399051
70,1592.78,0.54232,0.08914,0.1302,0.84564,0.87579,0.6579,1,0.76681,0.69005,0.2693,0.57143,0.34038,0.34038,0.47427,0.02369,0.01979,0.67127,0.82897,0.000391552,0.000391552,0.000391552
71,1615.29,0.53638,0.08841,0.16109,0.79645,0.8806,0.65929,1,0.77379,0.69574,0.26997,0.57143,0.34736,0.34736,0.47025,0.02299,0.01898,0.67396,0.82867,0.000384052,0.000384052,0.000384052
72,1637.19,0.53879,0.08088,0.16151,0.88819,0.87078,0.67136,1,0.75291,0.6893,0.27619,0.57143,0.32648,0.32648,0.434,0.02209,0.0216,0.67426,0.82084,0.000376553,0.000376553,0.000376553
73,1658.85,0.50462,0.07914,0.13246,0.7945,0.86956,0.67133,1,0.75514,0.69575,0.27244,0.57143,0.32871,0.32871,0.38264,0.01963,0.02202,0.67544,0.8115,0.000369054,0.000369054,0.000369054
74,1681.24,0.5491,0.0754,0.15095,0.85271,0.87872,0.66914,0.99348,0.7531,0.68997,0.27683,0.56556,0.32667,0.32667,0.3759,0.023,0.0168,0.67641,0.80702,0.000361555,0.000361555,0.000361555
75,1702.85,0.53803,0.08696,0.1704,0.83412,0.89521,0.65816,0.9755,0.74293,0.68863,0.2687,0.57143,0.3165,0.3165,0.39691,0.02465,0.01664,0.68902,0.81153,0.000354055,0.000354055,0.000354055
76,1724.93,0.4961,0.06461,0.14962,0.75459,0.85462,0.65785,0.98073,0.76191,0.69757,0.27126,0.57143,0.33548,0.33548,0.45616,0.02241,0.02331,0.68373,0.82198,0.000346556,0.000346556,0.000346556
77,1746.5,0.5478,0.07652,0.15083,0.80292,0.89772,0.66078,0.98002,0.76014,0.70765,0.2717,0.55255,0.33371,0.33371,0.36087,0.022,0.02074,0.66655,0.80811,0.000339057,0.000339057,0.000339057
78,1769.16,0.52207,0.06814,0.13737,0.82565,0.86708,0.6601,0.9851,0.76759,0.69256,0.2737,0.5652,0.34116,0.34116,0.46072,0.01548,0.02071,0.67985,0.82518,0.000331558,0.000331558,0.000331558
79,1790.77,0.53364,0.08081,0.17129,0.80699,0.88079,0.66309,0.97526,0.78207,0.7288,0.2729,0.55317,0.35564,0.35564,0.37562,0.0151,0.01938,0.64977,0.80948,0.000324058,0.000324058,0.000324058
80,1813.4,0.52127,0.06266,0.12801,0.78371,0.88119,0.68597,0.93438,0.77984,0.71378,0.29043,0.50581,0.35341,0.35341,0.4015,0.01612,0.02024,0.65682,0.81109,0.000316559,0.000316559,0.000316559
81,1836.34,0.53571,0.08907,0.13893,0.83236,0.87897,0.66846,0.9615,0.78275,0.72169,0.27444,0.53313,0.35632,0.35632,0.40292,0.01966,0.02117,0.66273,0.81054,0.00030906,0.00030906,0.00030906
82,1859.48,0.51465,0.06495,0.16139,0.80799,0.85942,0.68491,0.96259,0.76437,0.71115,0.29388,0.5369,0.33794,0.33794,0.36441,0.01841,0.01372,0.64749,0.80422,0.000301561,0.000301561,0.000301561
83,1881.64,0.48545,0.07382,0.11676,0.72067,0.85737,0.69146,0.98678,0.77186,0.71473,0.29843,0.55872,0.34544,0.34544,0.38965,0.01716,0.01107,0.65247,0.81021,0.000294061,0.000294061,0.000294061
84,1903.24,0.49359,0.06608,0.17158,0.82581,0.86011,0.66852,0.97399,0.75872,0.70276,0.27859,0.54576,0.33229,0.33229,0.3802,0.01513,0.01238,0.66053,0.81007,0.000286562,0.000286562,0.000286562
85,1925.56,0.49084,0.0673,0.15903,0.78995,0.87081,0.66629,0.96696,0.77518,0.69819,0.27169,0.54349,0.34875,0.34875,0.46773,0.0144,0.01655,0.69781,0.8251,0.000279063,0.000279063,0.000279063
86,1947.3,0.47762,0.06101,0.12722,0.75588,0.85346,0.65646,0.96189,0.76886,0.70278,0.26866,0.53434,0.34243,0.34243,0.39965,0.01522,0.02057,0.70995,0.81323,0.000271564,0.000271564,0.000271564
87,1969.73,0.48919,0.06909,0.12702,0.74644,0.88884,0.65491,0.96772,0.77579,0.71172,0.26728,0.54361,0.34936,0.34936,0.38206,0.01599,0.01539,0.69071,0.81106,0.000264064,0.000264064,0.000264064
88,1991.5,0.53075,0.08022,0.14422,0.77634,0.8819,0.6573,0.96429,0.77131,0.69251,0.26777,0.54177,0.34488,0.34488,0.46175,0.01683,0.01288,0.7035,0.82705,0.000256565,0.000256565,0.000256565
89,2013.36,0.45589,0.08798,0.11948,0.73466,0.85356,0.67454,0.9724,0.78443,0.72826,0.28515,0.544,0.35801,0.35801,0.38549,0.01695,0.0113,0.68629,0.81371,0.000249066,0.000249066,0.000249066
90,2035.12,0.44674,0.06075,0.11936,0.70473,0.84889,0.67358,0.95491,0.78801,0.72399,0.28486,0.52856,0.36159,0.36159,0.42434,0.01415,0.01261,0.69691,0.81916,0.000241567,0.000241567,0.000241567
91,2057.43,0.4608,0.05205,0.13174,0.75255,0.84935,0.66405,0.97741,0.78995,0.73652,0.27566,0.5504,0.36352,0.36352,0.35067,0.01451,0.01581,0.69326,0.80377,0.000234068,0.000234068,0.000234068
92,2078.79,0.49606,0.08022,0.13426,0.80098,0.87997,0.69815,0.92857,0.78421,0.72447,0.30369,0.5,0.35779,0.35779,0.36327,0.01438,0.01527,0.65757,0.80602,0.000226568,0.000226568,0.000226568
93,2100.84,0.48281,0.07215,0.12729,0.75824,0.87159,0.68158,0.92857,0.7955,0.73463,0.28862,0.5,0.36907,0.36907,0.39961,0.01489,0.01393,0.63164,0.81194,0.000219069,0.000219069,0.000219069
94,2122.63,0.48216,0.04558,0.13889,0.71809,0.883,0.69725,0.9372,0.81549,0.76179,0.30489,0.51059,0.38906,0.38906,0.35647,0.01373,0.01366,0.62486,0.80322,0.00021157,0.00021157,0.00021157
95,2145.52,0.43747,0.06294,0.1094,0.68382,0.84376,0.69277,0.96391,0.79912,0.7318,0.28905,0.5451,0.37269,0.37269,0.38583,0.01596,0.01311,0.62668,0.80834,0.00020407,0.00020407,0.00020407
96,2169.25,0.43644,0.06418,0.13339,0.72452,0.85858,0.68734,0.96429,0.78022,0.72542,0.29296,0.55078,0.35379,0.35379,0.34991,0.01965,0.01187,0.62183,0.80194,0.000196571,0.000196571,0.000196571
97,2192.24,0.44516,0.06459,0.13775,0.65897,0.85281,0.67999,0.98214,0.78786,0.73475,0.28659,0.55357,0.36143,0.36143,0.35371,0.01902,0.01218,0.64033,0.80314,0.000189072,0.000189072,0.000189072
98,2214.99,0.44006,0.04957,0.09121,0.72106,0.86751,0.66616,1,0.78303,0.72594,0.27708,0.57143,0.3566,0.3566,0.39727,0.01744,0.01459,0.68367,0.8116,0.000181573,0.000181573,0.000181573
99,2237.7,0.42768,0.06695,0.15994,0.71948,0.85301,0.66087,0.98214,0.77898,0.72204,0.27046,0.55824,0.35255,0.35255,0.33974,0.01503,0.01718,0.68443,0.79884,0.000174074,0.000174074,0.000174074
100,2260.24,0.46895,0.04851,0.11278,0.72114,0.84374,0.66209,0.98214,0.77993,0.72051,0.27493,0.55357,0.3535,0.3535,0.37936,0.01615,0.01526,0.64157,0.80691,0.000166574,0.000166574,0.000166574
101,2283.65,0.44524,0.05607,0.13483,0.68615,0.84274,0.70102,0.88794,0.79568,0.72904,0.30376,0.46035,0.36925,0.36925,0.38615,0.01687,0.01428,0.60907,0.80763,0.000159075,0.000159075,0.000159075
102,2307.37,0.44728,0.07724,0.12603,0.71326,0.85116,0.70687,0.95179,0.80589,0.74893,0.31396,0.52754,0.37946,0.37946,0.3724,0.0152,0.0133,0.59164,0.80581,0.000151576,0.000151576,0.000151576
103,2330.2,0.46545,0.03929,0.12546,0.68578,0.85722,0.69816,0.94643,0.80209,0.74741,0.30427,0.52413,0.37566,0.37566,0.35945,0.01279,0.01263,0.59163,0.80415,0.000144077,0.000144077,0.000144077
104,2352.99,0.46443,0.06327,0.12098,0.68718,0.85705,0.67779,0.9192,0.78873,0.7364,0.28689,0.49965,0.3623,0.3623,0.35471,0.01405,0.01359,0.6006,0.80366,0.000136577,0.000136577,0.000136577
105,2376.49,0.43716,0.06702,0.14593,0.68233,0.85607,0.73681,0.9156,0.82627,0.76134,0.34265,0.48703,0.39984,0.39984,0.37256,0.01429,0.01437,0.5967,0.80622,0.000129078,0.000129078,0.000129078
106,2398.82,0.46493,0.06957,0.13733,0.68986,0.87408,0.70472,0.94643,0.84224,0.78896,0.31124,0.51786,0.41581,0.41581,0.34672,0.0149,0.01432,0.5851,0.8013,0.000121579,0.000121579,0.000121579
107,2421.53,0.43754,0.05706,0.10955,0.65165,0.85558,0.72373,0.96429,0.81475,0.76212,0.32698,0.53571,0.38832,0.38832,0.34079,0.01402,0.01264,0.59008,0.80092,0.00011408,0.00011408,0.00011408
108,2444.23,0.44331,0.0466,0.12824,0.65444,0.85703,0.73342,0.96429,0.81064,0.75515,0.33593,0.53571,0.38421,0.38421,0.36524,0.01443,0.01125,0.60234,0.80468,0.00010658,0.00010658,0.00010658
109,2466.79,0.4314,0.04997,0.09663,0.68657,0.86303,0.72587,0.93545,0.81083,0.76029,0.32932,0.52485,0.3844,0.3844,0.35218,0.01434,0.01132,0.60459,0.80328,9.9081e-05,9.9081e-05,9.9081e-05
110,2489.47,0.45186,0.06389,0.16489,0.71328,0.85933,0.72456,0.94235,0.82065,0.77563,0.3259,0.51746,0.39422,0.39422,0.342,0.01424,0.01247,0.60186,0.80164,9.15818e-05,9.15818e-05,9.15818e-05
111,2512.06,0.36996,0.0368,0.04557,0.5883,0.81278,0.70123,0.92857,0.81139,0.77154,0.29983,0.50673,0.38497,0.38497,0.3273,0.01607,0.01236,0.5979,0.79914,8.40825e-05,8.40825e-05,8.40825e-05
112,2534.43,0.33382,0.03038,0.03073,0.58232,0.80425,0.73163,0.90319,0.82393,0.77867,0.33446,0.47586,0.39751,0.39751,0.30767,0.01635,0.01221,0.58213,0.79485,7.65832e-05,7.65832e-05,7.65832e-05
113,2556.48,0.3647,0.08232,0.0588,0.60706,0.81794,0.70896,0.97113,0.84657,0.80265,0.31737,0.5438,0.42014,0.42014,0.30036,0.0175,0.01183,0.55697,0.79305,6.9084e-05,6.9084e-05,6.9084e-05
114,2579.37,0.33015,0.03827,0.04991,0.54957,0.81313,0.78261,0.95333,0.88647,0.8444,0.38592,0.52526,0.46004,0.46004,0.30731,0.01722,0.0103,0.52282,0.79448,6.15848e-05,6.15848e-05,6.15848e-05
115,2601.98,0.33424,0.03183,0.04946,0.57626,0.81004,0.80416,0.95123,0.9084,0.85675,0.40554,0.52373,0.48197,0.48197,0.33263,0.01657,0.00956,0.50645,0.79944,5.40855e-05,5.40855e-05,5.40855e-05
116,2624.4,0.32551,0.04179,0.04515,0.53847,0.8151,0.80617,0.95451,0.91362,0.86294,0.40504,0.52651,0.48719,0.48719,0.32325,0.01508,0.00928,0.50894,0.79921,4.65862e-05,4.65862e-05,4.65862e-05
117,2646.71,0.32559,0.03146,0.04349,0.56315,0.80538,0.81862,0.97113,0.91861,0.87197,0.41905,0.54398,0.49218,0.49218,0.31148,0.01498,0.00894,0.5026,0.79718,3.9087e-05,3.9087e-05,3.9087e-05
118,2668.57,0.32321,0.03853,0.04497,0.54235,0.80866,0.82878,0.97474,0.93172,0.88799,0.42906,0.54636,0.50529,0.50529,0.31059,0.01516,0.00895,0.49414,0.79652,3.15878e-05,3.15878e-05,3.15878e-05
119,2690.72,0.3223,0.03562,0.03978,0.52497,0.80476,0.83139,0.97769,0.93159,0.88753,0.43243,0.55127,0.50516,0.50516,0.31321,0.01487,0.00896,0.4896,0.79702,2.40885e-05,2.40885e-05,2.40885e-05
120,2713,0.30486,0.02999,0.05325,0.51828,0.81211,0.82508,0.97481,0.93936,0.89754,0.42725,0.54979,0.51293,0.51293,0.31864,0.01517,0.00911,0.4887,0.79766,1.65892e-05,1.65892e-05,1.65892e-05
